{
  "IcoMoonType": "selection",
  "icons": [
    {
      "icon": {
        "paths": [
          "M819.2 51.2h-614.4c-28.314 0-51.2 22.886-51.2 51.2v819.2c0 28.262 22.886 51.2 51.2 51.2h614.4c28.314 0 51.2-22.938 51.2-51.2v-819.2c0-28.262-22.886-51.2-51.2-51.2zM768 409.6h-307.2v460.8h-51.2v-460.8h-153.6v-51.2h153.6v-204.8h51.2v204.8h307.2v51.2z"
        ],
        "attrs": [
          {}
        ],
        "isMulticolor": false,
        "isMulticolor2": false,
        "tags": [
          "spreadsheet"
        ],
        "grid": 20
      },
      "attrs": [
        {}
      ],
      "properties": {
        "order": 1,
        "id": 0,
        "name": "spreadsheet",
        "prevSize": 20
      },
      "setIdx": 0,
      "setId": 8,
      "iconIdx": 0
    },
    {
      "icon": {
        "paths": [
          "M16 96c-8.832 0-16 7.168-16 16v544c0 26.464 21.536 48 48 48h896c26.464 0 48-21.536 48-48v-544c0-8.832-7.168-16-16-16s-16 7.168-16 16v544c0 8.832-7.168 16-16 16h-896c-8.832 0-16-7.168-16-16v-544c0-8.832-7.168-16-16-16zM1040 0h-1088c-8.832 0-16 7.168-16 16s7.168 16 16 16h1088c8.832 0 16-7.168 16-16s-7.168-16-16-16zM379.328 260.672c-5.856-5.856-15.2-6.272-21.568-0.992l-192 160c-6.784 5.664-7.712 15.744-2.048 22.56 5.664 6.784 15.712 7.712 22.56 2.048l180.768-150.656 181.664 181.664c3.104 3.136 7.2 4.704 11.296 4.704s8.192-1.568 11.328-4.672l228.672-228.704v121.376c0 8.832 7.168 16 16 16s16-7.168 16-16v-160c0-2.080-0.416-4.16-1.216-6.112-1.632-3.904-4.736-7.040-8.672-8.672-1.952-0.8-4.032-1.216-6.112-1.216h-160c-8.832 0-16 7.168-16 16s7.168 16 16 16h121.376l-217.376 217.376-180.672-180.704zM257.824 1015.424c4.096 7.84 13.76 10.848 21.6 6.752l216.576-113.44 216.576 113.44c2.368 1.248 4.896 1.824 7.424 1.824 5.76 0 11.328-3.136 14.176-8.576 4.096-7.84 1.088-17.504-6.752-21.6l-220.576-115.52c3.136-2.912 5.152-7.008 5.152-11.648v-82.656c0-8.832-7.168-16-16-16s-16 7.168-16 16v82.656c0 4.608 2.016 8.704 5.152 11.616l-220.576 115.52c-7.84 4.128-10.848 13.792-6.752 21.632z"
        ],
        "attrs": [
          {}
        ],
        "width": 992,
        "isMulticolor": false,
        "isMulticolor2": false,
        "tags": [
          "presentation",
          "board"
        ],
        "grid": 32
      },
      "attrs": [
        {}
      ],
      "properties": {
        "order": 1,
        "id": 0,
        "name": "presentation, board",
        "prevSize": 32
      },
      "setIdx": 1,
      "setId": 7,
      "iconIdx": 0
    },
    {
      "icon": {
        "paths": [
          "M512 1024c-282.77 0-512-229.23-512-512s229.23-512 512-512v0c282.77 0 512 229.23 512 512s-229.23 512-512 512v0zM768 460.8h-512v102.4h512v-102.4z"
        ],
        "attrs": [
          {}
        ],
        "isMulticolor": false,
        "isMulticolor2": false,
        "tags": [
          "minus-solid"
        ],
        "grid": 20
      },
      "attrs": [
        {}
      ],
      "properties": {
        "order": 1,
        "id": 0,
        "prevSize": 20,
        "name": "minus-solid"
      },
      "setIdx": 2,
      "setId": 6,
      "iconIdx": 0
    },
    {
      "icon": {
        "paths": [
          "M512 0c-282.752 0-512 229.248-512 512s229.248 512 512 512 512-229.248 512-512-229.248-512-512-512zM765.248 674.752l-90.496 90.496-162.752-162.752-162.752 162.752-90.496-90.496 162.752-162.752-162.752-162.752 90.496-90.496 162.752 162.752 162.752-162.752 90.496 90.496-162.752 162.752 162.752 162.752z"
        ],
        "attrs": [
          {}
        ],
        "isMulticolor": false,
        "isMulticolor2": false,
        "tags": [
          "x-altx-alt",
          "cancel",
          "close"
        ],
        "grid": 16
      },
      "attrs": [
        {}
      ],
      "properties": {
        "order": 1,
        "id": 0,
        "prevSize": 32,
        "name": "x-altx-alt"
      },
      "setIdx": 3,
      "setId": 5,
      "iconIdx": 0
    },
    {
      "icon": {
        "paths": [
          "M1170.286 877.714v73.143h-1170.286v-877.714h73.143v804.571h1097.143zM1097.143 164.571v248.571c0 16-19.429 24.571-31.429 12.571l-69.143-69.143-361.714 361.714c-7.429 7.429-18.857 7.429-26.286 0l-133.143-133.143-237.714 237.714-109.714-109.714 334.286-334.286c7.429-7.429 18.857-7.429 26.286 0l133.143 133.143 265.143-265.143-69.143-69.143c-12-12-3.429-31.429 12.571-31.429h248.571c10.286 0 18.286 8 18.286 18.286z"
        ],
        "attrs": [
          {}
        ],
        "width": 1170,
        "isMulticolor": false,
        "isMulticolor2": false,
        "tags": [
          "line-chart"
        ],
        "grid": 14
      },
      "attrs": [
        {}
      ],
      "properties": {
        "order": 1,
        "id": 1,
        "prevSize": 28,
        "name": "line-chart"
      },
      "setIdx": 4,
      "setId": 4,
      "iconIdx": 0
    },
    {
      "icon": {
        "paths": [
          "M548.571 0l548.571 219.429v73.143h-73.143c0 20-17.714 36.571-39.429 36.571h-872c-21.714 0-39.429-16.571-39.429-36.571h-73.143v-73.143zM146.286 365.714h146.286v438.857h73.143v-438.857h146.286v438.857h73.143v-438.857h146.286v438.857h73.143v-438.857h146.286v438.857h33.714c21.714 0 39.429 16.571 39.429 36.571v36.571h-950.857v-36.571c0-20 17.714-36.571 39.429-36.571h33.714v-438.857zM1057.714 914.286c21.714 0 39.429 16.571 39.429 36.571v73.143h-1097.143v-73.143c0-20 17.714-36.571 39.429-36.571h1018.286z"
        ],
        "attrs": [
          {}
        ],
        "width": 1097,
        "isMulticolor": false,
        "isMulticolor2": false,
        "tags": [
          "bank",
          "institution",
          "university"
        ],
        "grid": 14
      },
      "attrs": [
        {}
      ],
      "properties": {
        "order": 1,
        "id": 0,
        "name": "bank, institution, university",
        "prevSize": 28
      },
      "setIdx": 4,
      "setId": 4,
      "iconIdx": 1
    },
    {
      "icon": {
        "paths": [
          "M500.044 671.749l-128.796 335.525-55.22-124.027-124.027 55.22 127.293-331.609c50.579 38.469 112.955 62.225 180.751 64.89v0zM706.375 606.859l127.293 331.609-124.027-55.22-55.22 124.027-128.796-335.525c67.795-2.665 130.172-26.421 180.751-64.89v0 0zM512.834 640v0c-159.058 0-288-128.942-288-288s128.942-288 288-288c159.058 0 288 128.942 288 288s-128.942 288-288 288zM512.834 544c106.039 0 192-85.961 192-192s-85.961-192-192-192c-106.039 0-192 85.961-192 192s85.961 192 192 192v0zM512.834 512c88.366 0 160-71.634 160-160s-71.634-160-160-160c-88.366 0-160 71.634-160 160s71.634 160 160 160v0z"
        ],
        "attrs": [
          {}
        ],
        "isMulticolor": false,
        "isMulticolor2": false,
        "tags": [
          "award"
        ],
        "grid": 32
      },
      "attrs": [
        {}
      ],
      "properties": {
        "order": 1,
        "id": 1,
        "name": "award",
        "prevSize": 32
      },
      "setIdx": 5,
      "setId": 3,
      "iconIdx": 0
    },
    {
      "icon": {
        "paths": [
          "M320 576.023v415.977l192-192 192 192v-415.977c-53.482 40.172-119.961 63.977-192 63.977s-138.518-23.804-192-63.977v0 0zM512 608c159.058 0 288-128.942 288-288s-128.942-288-288-288c-159.058 0-288 128.942-288 288s128.942 288 288 288v0zM512 406.154l-112 73.846 48-128-96-64h112l48-128 48 128h112l-96 64 48 128-112-73.846z"
        ],
        "attrs": [
          {}
        ],
        "isMulticolor": false,
        "isMulticolor2": false,
        "tags": [
          "award"
        ],
        "grid": 32
      },
      "attrs": [
        {}
      ],
      "properties": {
        "order": 1,
        "id": 0,
        "name": "award1",
        "prevSize": 32
      },
      "setIdx": 5,
      "setId": 3,
      "iconIdx": 1
    },
    {
      "icon": {
        "paths": [
          "M768 770.612v-52.78c70.498-39.728 128-138.772 128-237.832 0-159.058 0-288-192-288s-192 128.942-192 288c0 99.060 57.502 198.104 128 237.832v52.78c-217.102 17.748-384 124.42-384 253.388h896c0-128.968-166.898-235.64-384-253.388z",
          "M327.196 795.328c55.31-36.15 124.080-63.636 199.788-80.414-15.054-17.784-28.708-37.622-40.492-59.020-30.414-55.234-46.492-116.058-46.492-175.894 0-86.042 0-167.31 30.6-233.762 29.706-64.504 83.128-104.496 159.222-119.488-16.914-76.48-61.94-126.75-181.822-126.75-192 0-192 128.942-192 288 0 99.060 57.502 198.104 128 237.832v52.78c-217.102 17.748-384 124.42-384 253.388h279.006c14.518-12.91 30.596-25.172 48.19-36.672z"
        ],
        "attrs": [
          {},
          {}
        ],
        "width": 1152,
        "isMulticolor": false,
        "isMulticolor2": false,
        "tags": [
          "users",
          "group",
          "team",
          "members",
          "community",
          "collaborate"
        ],
        "grid": 16
      },
      "attrs": [
        {},
        {}
      ],
      "properties": {
        "order": 1,
        "id": 1,
        "name": "users, group, team, members, community, collaborate",
        "prevSize": 32
      },
      "setIdx": 6,
      "setId": 2,
      "iconIdx": 0
    },
    {
      "icon": {
        "paths": [
          "M512 0c-282.77 0-512 71.634-512 160v128c0 88.366 229.23 160 512 160s512-71.634 512-160v-128c0-88.366-229.23-160-512-160z",
          "M512 544c-282.77 0-512-71.634-512-160v192c0 88.366 229.23 160 512 160s512-71.634 512-160v-192c0 88.366-229.23 160-512 160z",
          "M512 832c-282.77 0-512-71.634-512-160v192c0 88.366 229.23 160 512 160s512-71.634 512-160v-192c0 88.366-229.23 160-512 160z"
        ],
        "attrs": [
          {},
          {},
          {}
        ],
        "isMulticolor": false,
        "isMulticolor2": false,
        "tags": [
          "database",
          "db",
          "server",
          "host",
          "storage",
          "save",
          "datecenter"
        ],
        "grid": 16
      },
      "attrs": [
        {},
        {},
        {}
      ],
      "properties": {
        "order": 1,
        "id": 0,
        "name": "database, db, server, host, storage, save, datecenter",
        "prevSize": 32
      },
      "setIdx": 6,
      "setId": 2,
      "iconIdx": 1
    },
    {
      "icon": {
        "paths": [
          "M918 490l64 64-298 300-194-192 64-64 130 128zM86 682v-84h340v84h-340zM598 256v86h-512v-86h512zM598 426v86h-512v-86h512z"
        ],
        "attrs": [],
        "isMulticolor": false,
        "isMulticolor2": false,
        "tags": [
          "playlist_add_check"
        ],
        "grid": 24
      },
      "attrs": [],
      "properties": {
        "ligatures": "playlist_add_check",
        "id": 71,
        "order": 23,
        "prevSize": 24,
        "name": "playlist_add_check"
      },
      "setIdx": 7,
      "setId": 1,
      "iconIdx": 71
    },
    {
      "icon": {
        "paths": [
          "M854 342v-86l-342 214-342-214v86l342 212zM854 170q34 0 59 26t25 60v512q0 34-25 60t-59 26h-684q-34 0-59-26t-25-60v-512q0-34 25-60t59-26h684z"
        ],
        "attrs": [],
        "isMulticolor": false,
        "isMulticolor2": false,
        "tags": [
          "email",
          "mail",
          "markunread",
          "local_post_office"
        ],
        "grid": 24
      },
      "attrs": [],
      "properties": {
        "ligatures": "email, mail, markunread, local_post_office",
        "id": 101,
        "order": 35,
        "prevSize": 24,
        "name": "email"
      },
      "setIdx": 7,
      "setId": 1,
      "iconIdx": 101
    },
    {
      "icon": {
        "paths": [
          "M512 470l342-214h-684zM854 768v-426l-342 212-342-212v426h684zM854 170q34 0 59 26t25 60v512q0 34-25 60t-59 26h-684q-34 0-59-26t-25-60v-512q0-34 25-60t59-26h684z"
        ],
        "attrs": [],
        "isMulticolor": false,
        "isMulticolor2": false,
        "tags": [
          "mail_outline"
        ],
        "grid": 24
      },
      "attrs": [],
      "properties": {
        "ligatures": "mail_outline",
        "id": 130,
        "order": 36,
        "prevSize": 24,
        "name": "mail_outline"
      },
      "setIdx": 7,
      "setId": 1,
      "iconIdx": 130
    },
    {
      "icon": {
        "paths": [
          "M726 554v-84h-172v-172h-84v172h-172v84h172v172h84v-172h172zM512 86q176 0 301 125t125 301-125 301-301 125-301-125-125-301 125-301 301-125z"
        ],
        "attrs": [],
        "isMulticolor": false,
        "isMulticolor2": false,
        "tags": [
          "add_circle"
        ],
        "grid": 24
      },
      "attrs": [],
      "properties": {
        "ligatures": "add_circle",
        "id": 148,
        "order": 39,
        "prevSize": 24,
        "name": "add_circle"
      },
      "setIdx": 7,
      "setId": 1,
      "iconIdx": 148
    },
    {
      "icon": {
        "paths": [
          "M512 810q58 0 126-33t106-79l112 66q-128 174-344 174-176 0-301-125t-125-301q0-166 111-287t273-137v128q-108 16-182 100t-74 196q0 124 87 211t211 87zM554 88q162 16 273 137t111 287q0 96-36 174l-112-66q20-56 20-108 0-112-74-196t-182-100v-128z"
        ],
        "attrs": [],
        "isMulticolor": false,
        "isMulticolor2": false,
        "tags": [
          "data_usage"
        ],
        "grid": 24
      },
      "attrs": [],
      "properties": {
        "ligatures": "data_usage",
        "id": 215,
        "order": 27,
        "prevSize": 24,
        "name": "data_usage"
      },
      "setIdx": 7,
      "setId": 1,
      "iconIdx": 215
    },
    {
      "icon": {
        "paths": [
          "M726 810v-84h84v170q0 34-25 60t-59 26h-428q-34 0-59-26t-25-60v-170h84v84h428zM426 648l-60 60-196-196 196-196 60 60-134 136zM658 708l-60-60 134-136-134-136 60-60 196 196zM298 214v84h-84v-170q0-34 25-60t59-26l428 2q34 0 59 25t25 59v170h-84v-84h-428z"
        ],
        "attrs": [],
        "isMulticolor": false,
        "isMulticolor2": false,
        "tags": [
          "developer_mode"
        ],
        "grid": 24
      },
      "attrs": [],
      "properties": {
        "ligatures": "developer_mode",
        "id": 216,
        "order": 25,
        "prevSize": 24,
        "name": "developer_mode"
      },
      "setIdx": 7,
      "setId": 1,
      "iconIdx": 216
    },
    {
      "icon": {
        "paths": [
          "M726 726v-172h-86v172h86zM554 726v-428h-84v428h84zM384 726v-300h-86v300h86zM810 128q34 0 60 26t26 60v596q0 34-26 60t-60 26h-596q-34 0-60-26t-26-60v-596q0-34 26-60t60-26h596z"
        ],
        "attrs": [],
        "isMulticolor": false,
        "isMulticolor2": false,
        "tags": [
          "insert_chart",
          "poll",
          "assessment"
        ],
        "grid": 24
      },
      "attrs": [],
      "properties": {
        "ligatures": "insert_chart, poll, assessment",
        "id": 287,
        "order": 28,
        "prevSize": 24,
        "name": "insert_chart"
      },
      "setIdx": 7,
      "setId": 1,
      "iconIdx": 287
    },
    {
      "icon": {
        "paths": [
          "M512 810q18 0 30-12t12-30-12-30-30-12-30 12-12 30 12 30 30 12zM170 214v468h684v-468h-684zM854 768h170q0 34-26 60t-60 26h-852q-34 0-60-26t-26-60h170q-34 0-59-26t-25-60v-468q0-34 25-60t59-26h684q34 0 59 26t25 60v468q0 34-25 60t-59 26z"
        ],
        "attrs": [],
        "isMulticolor": false,
        "isMulticolor2": false,
        "tags": [
          "laptop_mac"
        ],
        "grid": 24
      },
      "attrs": [],
      "properties": {
        "ligatures": "laptop_mac",
        "id": 353,
        "order": 37,
        "prevSize": 24,
        "name": "laptop_mac"
      },
      "setIdx": 7,
      "setId": 1,
      "iconIdx": 353
    },
    {
      "icon": {
        "paths": [
          "M512 598q108 0 225 47t117 123v86h-684v-86q0-76 117-123t225-47zM512 512q-70 0-120-50t-50-120 50-121 120-51 120 51 50 121-50 120-120 50z"
        ],
        "attrs": [],
        "isMulticolor": false,
        "isMulticolor2": false,
        "tags": [
          "person"
        ],
        "grid": 24
      },
      "attrs": [],
      "properties": {
        "ligatures": "person",
        "id": 685,
        "order": 40,
        "prevSize": 24,
        "name": "person"
      },
      "setIdx": 7,
      "setId": 1,
      "iconIdx": 685
    },
    {
      "icon": {
        "paths": [
          "M622 708l198-196-198-196 60-60 256 256-256 256zM402 708l-60 60-256-256 256-256 60 60-198 196z"
        ],
        "attrs": [],
        "isMulticolor": false,
        "isMulticolor2": false,
        "tags": [
          "code"
        ],
        "grid": 24
      },
      "attrs": [],
      "properties": {
        "ligatures": "code",
        "id": 734,
        "order": 38,
        "prevSize": 24,
        "name": "code"
      },
      "setIdx": 7,
      "setId": 1,
      "iconIdx": 734
    },
    {
      "icon": {
        "paths": [
          "M426 854h-212v-342h-128l426-384 426 384h-128v342h-212v-256h-172v256z"
        ],
        "attrs": [],
        "isMulticolor": false,
        "isMulticolor2": false,
        "tags": [
          "home"
        ],
        "grid": 24
      },
      "attrs": [],
      "properties": {
        "ligatures": "home",
        "id": 756,
        "order": 8,
        "prevSize": 24,
        "name": "home"
      },
      "setIdx": 7,
      "setId": 1,
      "iconIdx": 756
    },
    {
      "icon": {
        "paths": [
          "M554 384v-86h-84v86h84zM554 726v-256h-84v256h84zM512 86q176 0 301 125t125 301-125 301-301 125-301-125-125-301 125-301 301-125z"
        ],
        "attrs": [],
        "isMulticolor": false,
        "isMulticolor2": false,
        "tags": [
          "info"
        ],
        "grid": 24
      },
      "attrs": [],
      "properties": {
        "ligatures": "info",
        "id": 760,
        "order": 9,
        "prevSize": 24,
        "name": "info"
      },
      "setIdx": 7,
      "setId": 1,
      "iconIdx": 760
    },
    {
      "icon": {
        "paths": [
          "M698 598h144q12-56 12-86t-12-86h-144q6 42 6 86t-6 86zM622 834q50-16 104-61t82-91h-126q-20 80-60 152zM612 598q6-42 6-86t-6-86h-200q-6 42-6 86t6 86h200zM512 852q56-82 82-170h-164q26 88 82 170zM342 342q24-86 60-152-50 16-105 61t-81 91h126zM216 682q26 46 81 91t105 61q-40-72-60-152h-126zM182 598h144q-6-42-6-86t6-86h-144q-12 56-12 86t12 86zM512 172q-56 82-82 170h164q-26-88-82-170zM808 342q-28-46-82-91t-104-61q36 66 60 152h126zM512 86q176 0 301 125t125 301-125 301-301 125-301-125-125-301 125-301 301-125z"
        ],
        "attrs": [],
        "isMulticolor": false,
        "isMulticolor2": false,
        "tags": [
          "language"
        ],
        "grid": 24
      },
      "attrs": [],
      "properties": {
        "ligatures": "language",
        "id": 766,
        "order": 18,
        "prevSize": 24,
        "name": "language"
      },
      "setIdx": 7,
      "setId": 1,
      "iconIdx": 766
    },
    {
      "icon": {
        "paths": [
          "M692 768l-48-206 160-138-210-18-82-192-82 194-210 16 160 138-48 206 180-108zM512 86q176 0 301 125t125 301-125 301-301 125-301-125-125-301 125-301 301-125z"
        ],
        "attrs": [],
        "isMulticolor": false,
        "isMulticolor2": false,
        "tags": [
          "stars"
        ],
        "grid": 24
      },
      "attrs": [],
      "properties": {
        "ligatures": "stars",
        "id": 811,
        "order": 17,
        "prevSize": 24,
        "name": "stars"
      },
      "setIdx": 7,
      "setId": 1,
      "iconIdx": 811
    },
    {
      "icon": {
        "paths": [
          "M598 256v-86h-172v86h172zM854 256q36 0 60 25t24 61v468q0 36-24 61t-60 25h-684q-36 0-60-25t-24-61v-468q0-36 24-61t60-25h172v-86q0-36 24-60t60-24h172q36 0 60 24t24 60v86h172z"
        ],
        "attrs": [],
        "isMulticolor": false,
        "isMulticolor2": false,
        "tags": [
          "work"
        ],
        "grid": 24
      },
      "attrs": [],
      "properties": {
        "ligatures": "work",
        "id": 846,
        "order": 12,
        "prevSize": 24,
        "name": "work"
      },
      "setIdx": 7,
      "setId": 1,
      "iconIdx": 846
    },
    {
      "icon": {
        "paths": [
          "M768 810v-212h86v212q0 34-26 60t-60 26h-598q-34 0-59-26t-25-60v-596q0-34 25-60t59-26h512v86h-512v596h598zM854 298h128v86h-128v128h-86v-128h-128v-86h128v-128h86v128zM426 298h86v426h-86v-426zM598 554h84v170h-84v-170zM256 426h86v298h-86v-298z"
        ],
        "attrs": [],
        "isMulticolor": false,
        "isMulticolor2": false,
        "tags": [
          "add_chart"
        ],
        "grid": 24
      },
      "attrs": [],
      "properties": {
        "ligatures": "add_chart",
        "id": 971,
        "order": 41,
        "prevSize": 24,
        "name": "add_chart"
      },
      "setIdx": 7,
      "setId": 1,
      "iconIdx": 971
    },
    {
      "icon": {
        "paths": [
          "M746 612q52 0 108 10v64q-40-10-108-10-120 0-192 42v-72q76-34 192-34zM554 532q84-34 192-34 52 0 108 10v64q-40-10-108-10-120 0-192 42v-72zM746 448q-120 0-192 42v-70q80-36 192-36 52 0 108 10v66q-48-12-108-12zM896 790v-492q-66-20-150-20-130 0-234 64v490q104-64 234-64 78 0 150 22zM746 192q152 0 236 64v622q0 8-7 15t-15 7q-6 0-10-2-82-44-204-44-130 0-234 64-86-64-234-64-108 0-204 46-2 0-5 1t-5 1q-8 0-15-6t-7-14v-626q86-64 236-64 148 0 234 64 86-64 234-64z"
        ],
        "attrs": [],
        "isMulticolor": false,
        "isMulticolor2": false,
        "tags": [
          "menu_book"
        ],
        "grid": 24
      },
      "attrs": [],
      "properties": {
        "ligatures": "menu_book",
        "id": 1057,
        "order": 14,
        "prevSize": 24,
        "name": "menu_book"
      },
      "setIdx": 7,
      "setId": 1,
      "iconIdx": 1057
    },
    {
      "icon": {
        "paths": [
          "M598 298v-84h-172v84h172zM854 298q34 0 59 26t25 60v128q0 34-25 60t-59 26h-256v-86h-172v86h-256q-36 0-60-25t-24-61v-128q0-34 25-60t59-26h170v-84l86-86h170l86 86v84h172zM426 682h172v-42h298v170q0 36-25 61t-61 25h-596q-36 0-61-25t-25-61v-170h298v42z"
        ],
        "attrs": [],
        "isMulticolor": false,
        "isMulticolor2": false,
        "tags": [
          "business_center"
        ],
        "grid": 24
      },
      "attrs": [],
      "properties": {
        "ligatures": "business_center",
        "id": 1128,
        "order": 26,
        "prevSize": 24,
        "name": "business_center"
      },
      "setIdx": 7,
      "setId": 1,
      "iconIdx": 1128
    },
    {
      "icon": {
        "paths": [
          "M810 128h-596q-36 0-61 25t-25 61v596q0 36 25 61t61 25h596q36 0 61-25t25-61v-596q0-36-25-61t-61-25zM598 726h-300v-86h300v86zM726 554h-428v-84h428v84zM726 384h-428v-86h428v86z"
        ],
        "attrs": [],
        "isMulticolor": false,
        "isMulticolor2": false,
        "tags": [
          "article"
        ],
        "grid": 24
      },
      "attrs": [],
      "properties": {
        "ligatures": "article",
        "id": 1164,
        "order": 11,
        "prevSize": 24,
        "name": "article"
      },
      "setIdx": 7,
      "setId": 1,
      "iconIdx": 1164
    },
    {
      "icon": {
        "paths": [
          "M692 492l68-68-160-160-68 68-176-178q-24-24-60-24t-60 24l-82 82q-24 24-24 60t24 60l176 176-202 204v160h160l204-204 176 178q20 20 43 23t44-4 33-19l82-82q24-24 24-60t-24-60zM392 472l-176-176 80-80 54 54-50 50 60 60 50-50 62 62zM728 808l-176-176 80-80 62 62-50 50 60 60 50-50 54 54zM884 300q12-12 12-30t-12-30l-100-100q-16-14-34-11t-26 11l-78 78 160 160z"
        ],
        "attrs": [],
        "isMulticolor": false,
        "isMulticolor2": false,
        "tags": [
          "design_services"
        ],
        "grid": 24
      },
      "attrs": [],
      "properties": {
        "ligatures": "design_services",
        "id": 1199,
        "order": 30,
        "prevSize": 24,
        "name": "design_services"
      },
      "setIdx": 7,
      "setId": 1,
      "iconIdx": 1199
    },
    {
      "icon": {
        "paths": [
          "M598 86h-342q-36 0-61 25t-25 59v684q0 34 25 59t61 25h512q36 0 61-25t25-59v-512zM512 426q36 0 61 25t25 61-25 61-61 25-61-25-25-61 25-61 61-25zM682 768h-340v-24q0-26 14-48t38-32q26-12 56-18t62-6 62 6 56 18q24 10 38 32t14 48v24z"
        ],
        "attrs": [],
        "isMulticolor": false,
        "isMulticolor2": false,
        "tags": [
          "contact_page"
        ],
        "grid": 24
      },
      "attrs": [],
      "properties": {
        "ligatures": "contact_page",
        "id": 1402,
        "order": 10,
        "prevSize": 24,
        "name": "contact_page"
      },
      "setIdx": 7,
      "setId": 1,
      "iconIdx": 1402
    },
    {
      "icon": {
        "paths": [
          "M0 12.8v998.4h1024v-998.4zM42.667 55.467h938.667v913.067h-938.667zM247.467 246.613c0-2.859 5.973-4.949 9.557-4.949 27.477-1.408 67.755-2.133 109.995-2.133 118.272 0 164.267 64.853 164.267 147.883 0 108.373-78.592 154.88-175.019 154.88-16.213 0-21.76-0.725-33.067-0.725v163.925c0 3.541-1.408 4.949-4.907 4.949h-65.877c-3.541 0-4.907-1.28-4.907-4.821zM323.2 473.259c9.813 0.683 17.579 0.683 34.56 0.683 49.92 0 96.853-17.579 96.853-85.163 0-54.187-33.536-81.664-90.539-81.664-16.896 0-33.067 0.683-40.832 1.408zM690.432 422.571c-33.792 0-45.056 16.896-45.056 30.976 0 15.488 7.68 26.027 52.779 49.28 66.901 32.427 87.979 63.36 87.979 109.099 0 68.267-52.053 104.96-122.453 104.96-37.376 0-69.12-7.808-87.467-18.347-2.773-1.408-3.413-3.499-3.413-7.040v-62.592c0-4.267 2.048-5.675 4.864-3.584 26.624 17.621 57.685 25.344 85.845 25.344 33.792 0 47.872-14.080 47.872-33.109 0-15.488-9.813-28.885-52.779-51.413-60.587-29.013-85.931-58.453-85.931-107.819 0-54.912 42.923-100.693 117.547-100.693 36.693 0 62.464 5.632 76.544 11.947 3.499 2.133 4.267 5.632 4.267 8.448v58.453c0 3.541-2.133 5.675-6.4 4.267-18.944-11.264-46.933-18.347-74.197-18.176z"
        ],
        "attrs": [
          {
            "fill": "rgb(0, 200, 255)"
          }
        ],
        "isMulticolor": false,
        "isMulticolor2": false,
        "tags": [
          "adobephotoshop"
        ],
        "grid": 0
      },
      "attrs": [
        {
          "fill": "rgb(0, 200, 255)"
        }
      ],
      "properties": {
        "id": 21,
        "order": 31,
        "prevSize": 32,
        "name": "adobephotoshop"
      },
      "setIdx": 8,
      "setId": 0,
      "iconIdx": 20
    },
    {
      "icon": {
        "paths": [
          "M0 12.8v998.4h1024v-998.4zM42.667 55.467h938.667v913.067h-938.667zM268.672 246.528c0-2.816 0.725-4.949 4.267-4.949 27.435-1.408 67.541-2.133 109.781-2.133 118.272 0 169.685 64.811 169.685 147.883 0 108.373-78.464 154.88-174.891 154.88-16.213 0-21.845-0.725-33.109-0.725v163.968c0 3.541-1.408 4.949-4.907 4.949h-65.877c-3.541 0-4.949-1.408-4.949-4.949zM344.405 473.216c9.856 0.683 17.621 0.683 34.517 0.683 49.963 0 96.725-17.579 96.725-85.163 0-54.187-33.365-81.664-90.411-81.664-16.896 0-33.067 0.683-40.832 1.408zM617.472 434.475c0-4.907 0-17.579-2.091-41.515 0-3.541 0.469-4.267 3.285-5.632 46.252-18.309 99.815-29.121 155.848-29.567l0.184-0.001c3.499 0 4.907 0.683 4.907 4.224v61.952c0 3.499-1.109 4.224-4.651 4.224-4.552-0.302-9.867-0.475-15.222-0.475-23.285 0-45.808 3.258-67.14 9.343l1.723-0.42v268.843c0 3.541-1.451 4.949-4.949 4.949h-66.987c-3.499 0-4.907-1.408-4.907-4.949z"
        ],
        "attrs": [
          {
            "fill": "rgb(234, 119, 255)"
          }
        ],
        "isMulticolor": false,
        "isMulticolor2": false,
        "tags": [
          "adobepremiere"
        ],
        "grid": 0
      },
      "attrs": [
        {
          "fill": "rgb(234, 119, 255)"
        }
      ],
      "properties": {
        "id": 22,
        "order": 32,
        "prevSize": 32,
        "name": "adobepremiere"
      },
      "setIdx": 8,
      "setId": 0,
      "iconIdx": 21
    },
    {
      "icon": {
        "paths": [
          "M64 0h896l-81.493 920.021-367.488 103.979-365.44-104.021zM793.173 188.288l-562.347-0.128 9.088 111.872 432 0.085-10.88 115.883h-283.307l10.24 109.781h263.765l-15.616 150.315-124.16 34.304-126.123-34.56-8.021-90.027h-111.36l12.373 164.48 233.173 72.661 229.248-65.28z"
        ],
        "attrs": [
          {
            "fill": "rgb(21, 114, 182)"
          }
        ],
        "isMulticolor": false,
        "isMulticolor2": false,
        "tags": [
          "css3"
        ],
        "grid": 0
      },
      "attrs": [
        {
          "fill": "rgb(21, 114, 182)"
        }
      ],
      "properties": {
        "id": 172,
        "order": 19,
        "prevSize": 32,
        "name": "css3"
      },
      "setIdx": 8,
      "setId": 0,
      "iconIdx": 171
    },
    {
      "icon": {
        "paths": [
          "M512 512c0-94.257 76.41-170.667 170.667-170.667s170.667 76.41 170.667 170.667v0c0 94.257-76.41 170.667-170.667 170.667s-170.667-76.41-170.667-170.667v0zM170.667 853.333c0-94.257 76.41-170.667 170.667-170.667v0h170.667v170.667c0 94.257-76.41 170.667-170.667 170.667s-170.667-76.41-170.667-170.667v0zM512 0v341.333h170.667c94.257 0 170.667-76.41 170.667-170.667s-76.41-170.667-170.667-170.667v0zM170.667 170.667c0 94.257 76.41 170.667 170.667 170.667v0h170.667v-341.333h-170.667c-94.257 0-170.667 76.41-170.667 170.667v0zM170.667 512c0 94.257 76.41 170.667 170.667 170.667v0h170.667v-341.333h-170.667c-94.257 0-170.667 76.41-170.667 170.667v0z"
        ],
        "attrs": [
          {
            "fill": "rgb(242, 78, 30)"
          }
        ],
        "isMulticolor": false,
        "isMulticolor2": false,
        "tags": [
          "figma"
        ],
        "grid": 0
      },
      "attrs": [
        {
          "fill": "rgb(242, 78, 30)"
        }
      ],
      "properties": {
        "id": 260,
        "order": 29,
        "prevSize": 32,
        "name": "figma"
      },
      "setIdx": 8,
      "setId": 0,
      "iconIdx": 259
    },
    {
      "icon": {
        "paths": [
          "M1004.629 466.347l-447.104-447.061c-25.771-25.728-67.499-25.728-93.355 0l-92.629 92.8 117.76 117.76c27.52-9.173 58.837-2.987 80.597 18.816 22.016 21.973 28.075 53.675 18.688 81.067l113.408 113.493c27.52-9.515 59.179-3.328 81.067 18.56 30.763 30.72 30.763 80.384 0 111.104-30.677 30.677-80.256 30.677-110.933 0-22.997-23.083-28.757-57.045-17.237-85.163l-106.197-105.643v278.4c7.509 3.669 14.592 8.661 20.821 14.848 30.421 30.763 30.421 80.341 0 110.933-30.677 30.763-80.597 30.763-111.317 0-30.677-30.677-30.677-80.171 0-110.848 7.765-7.68 16.512-13.483 25.813-17.323v-281.131c-9.259-3.883-18.091-9.472-25.6-17.109-23.253-23.253-28.843-57.259-16.896-85.717l-115.712-116.267-306.603 306.389c-25.6 25.813-25.6 67.584 0 93.397l447.147 447.019c25.771 25.771 67.499 25.771 93.269 0l445.013-445.013c25.813-25.728 25.813-67.499 0-93.312z"
        ],
        "attrs": [
          {
            "fill": "rgb(240, 80, 50)"
          }
        ],
        "isMulticolor": false,
        "isMulticolor2": false,
        "tags": [
          "git"
        ],
        "grid": 0
      },
      "attrs": [
        {
          "fill": "rgb(240, 80, 50)"
        }
      ],
      "properties": {
        "id": 292,
        "order": 21,
        "prevSize": 32,
        "name": "git"
      },
      "setIdx": 8,
      "setId": 0,
      "iconIdx": 291
    },
    {
      "icon": {
        "paths": [
          "M512 12.672c-282.88 0-512 229.248-512 512 0 226.261 146.688 418.133 350.080 485.76 25.6 4.821 34.987-11.008 34.987-24.619 0-12.16-0.427-44.373-0.64-87.040-142.421 30.891-172.459-68.693-172.459-68.693-23.296-59.093-56.96-74.88-56.96-74.88-46.379-31.744 3.584-31.104 3.584-31.104 51.413 3.584 78.421 52.736 78.421 52.736 45.653 78.293 119.851 55.68 149.12 42.581 4.608-33.109 17.792-55.68 32.427-68.48-113.707-12.8-233.216-56.832-233.216-253.013 0-55.893 19.84-101.547 52.693-137.387-5.76-12.928-23.040-64.981 4.48-135.509 0 0 42.88-13.739 140.8 52.48 40.96-11.392 84.48-17.024 128-17.28 43.52 0.256 87.040 5.888 128 17.28 97.28-66.219 140.16-52.48 140.16-52.48 27.52 70.528 10.24 122.581 5.12 135.509 32.64 35.84 52.48 81.493 52.48 137.387 0 196.693-119.68 240-233.6 252.587 17.92 15.36 34.56 46.763 34.56 94.72 0 68.523-0.64 123.563-0.64 140.203 0 13.44 8.96 29.44 35.2 24.32 204.843-67.157 351.403-259.157 351.403-485.077 0-282.752-229.248-512-512-512z"
        ],
        "attrs": [],
        "isMulticolor": false,
        "isMulticolor2": false,
        "tags": [
          "github"
        ],
        "grid": 0
      },
      "attrs": [],
      "properties": {
        "id": 294,
        "order": 3,
        "prevSize": 32,
        "name": "github"
      },
      "setIdx": 8,
      "setId": 0,
      "iconIdx": 293
    },
    {
      "icon": {
        "paths": [
          "M853.888 457.643l0.043-1.195c0-0.023 0-0.051 0-0.079 0-149.538-121.225-270.763-270.763-270.763-102.217 0-191.204 56.641-237.288 140.249l-0.706 1.398c-19.566-10.429-42.789-16.554-67.443-16.554-77.491 0-140.849 60.509-145.402 136.856l-0.019 0.401c-77.811 29.004-132.241 102.644-132.309 189.005l-0 0.008c0.024 111.189 90.154 201.32 201.341 201.344l631.768 0c105.217-0.307 190.393-85.673 190.393-190.933 0-97.938-73.739-178.654-168.727-189.656l-0.887-0.084z"
        ],
        "attrs": [
          {
            "fill": "rgb(54, 147, 243)"
          }
        ],
        "isMulticolor": false,
        "isMulticolor2": false,
        "tags": [
          "icloud"
        ],
        "grid": 0
      },
      "attrs": [
        {
          "fill": "rgb(54, 147, 243)"
        }
      ],
      "properties": {
        "id": 375,
        "order": 33,
        "prevSize": 32,
        "name": "icloud"
      },
      "setIdx": 8,
      "setId": 0,
      "iconIdx": 374
    },
    {
      "icon": {
        "paths": [
          "M0 0h1024v1024h-1024zM940.117 779.776c-7.467-46.72-37.888-85.973-128.128-122.581-31.403-14.72-66.304-24.96-76.672-48.64-3.883-14.080-4.48-21.76-1.963-30.080 6.4-27.563 39.040-35.84 64.64-28.16 16.64 5.12 32 17.92 41.643 38.4 44.117-28.843 44.117-28.843 74.88-48-11.52-17.92-17.237-25.643-25.003-33.28-26.88-30.080-62.677-45.44-120.917-44.117l-30.080 3.797c-28.843 7.040-56.32 22.4-72.96 42.88-48.64 55.083-34.603 151.083 24.277 190.763 58.24 43.52 143.403 53.077 154.283 94.080 10.24 49.92-37.12 65.92-83.883 60.16-34.603-7.68-53.76-25.003-74.88-57.003l-78.080 44.843c8.96 20.48 19.2 29.397 34.56 47.317 74.24 74.923 259.84 71.083 293.163-42.837 1.237-3.84 10.24-30.080 3.157-70.4zM556.843 470.656h-95.915c0 82.688-0.384 164.864-0.384 247.68 0 52.565 2.688 100.821-5.888 115.669-14.080 29.397-50.347 25.643-66.816 20.48-16.896-8.363-25.472-19.883-35.413-36.48-2.688-4.48-4.693-8.363-5.419-8.363l-77.867 48c13.013 26.88 32 50.005 56.491 64.725 36.48 21.76 85.504 28.8 136.832 17.28 33.408-9.643 62.208-29.483 77.269-60.203 21.76-39.68 17.152-88.32 16.939-142.763 0.512-87.637 0-175.317 0-263.637z"
        ],
        "attrs": [
          {
            "fill": "rgb(247, 223, 30)"
          }
        ],
        "isMulticolor": false,
        "isMulticolor2": false,
        "tags": [
          "javascript"
        ],
        "grid": 0
      },
      "attrs": [
        {
          "fill": "rgb(247, 223, 30)"
        }
      ],
      "properties": {
        "id": 405,
        "order": 20,
        "prevSize": 32,
        "name": "javascript"
      },
      "setIdx": 8,
      "setId": 0,
      "iconIdx": 404
    },
    {
      "icon": {
        "paths": [
          "M995.115 483.413l-483.115-483.413-483.413 483.413c-7.278 7.389-11.772 17.538-11.772 28.736s4.494 21.347 11.777 28.741l-0.005-0.005 483.413 483.115 483.115-483.115c7.432-7.318 12.037-17.489 12.037-28.736s-4.605-21.418-12.032-28.731l-0.005-0.005zM512 663.509l-151.509-151.509 151.509-151.339 151.381 151.339z"
        ],
        "attrs": [],
        "isMulticolor": false,
        "isMulticolor2": false,
        "tags": [
          "jira"
        ],
        "grid": 0
      },
      "attrs": [],
      "properties": {
        "id": 412,
        "order": 5,
        "prevSize": 32,
        "name": "jira"
      },
      "setIdx": 8,
      "setId": 0,
      "iconIdx": 411
    },
    {
      "icon": {
        "paths": [
          "M872.405 872.619h-151.637v-237.611c0-56.661-1.152-129.579-79.019-129.579-79.061 0-91.136 61.653-91.136 125.397v241.792h-151.637v-488.619h145.664v66.603h1.963c20.352-38.4 69.845-78.933 143.787-78.933 153.643 0 182.059 101.12 182.059 232.747zM227.712 317.141c-48.811 0-88.021-39.509-88.021-88.107 0-48.555 39.253-88.021 88.021-88.021 48.64 0 88.064 39.467 88.064 88.021 0 48.597-39.467 88.107-88.064 88.107zM303.744 872.619h-152.064v-488.619h152.064zM948.267 0h-872.704c-41.771 0-75.563 33.024-75.563 73.771v876.459c0 40.789 33.792 73.771 75.563 73.771h872.576c41.728 0 75.861-32.981 75.861-73.771v-876.459c0-40.747-34.133-73.771-75.861-73.771z"
        ],
        "attrs": [
          {
            "fill": "rgb(0, 119, 181)"
          }
        ],
        "isMulticolor": false,
        "isMulticolor2": false,
        "tags": [
          "linkedin"
        ],
        "grid": 0
      },
      "attrs": [
        {
          "fill": "rgb(0, 119, 181)"
        }
      ],
      "properties": {
        "id": 457,
        "order": 2,
        "prevSize": 32,
        "name": "linkedin"
      },
      "setIdx": 8,
      "setId": 0,
      "iconIdx": 456
    },
    {
      "icon": {
        "paths": [
          "M1004.928 132.352h-343.040v63.488h101.12v100.437h-101.12v32h101.12v100.565h-101.12v32.896h101.12v95.104h-101.12v38.101h101.12v95.317h-101.12v38.101h101.12v95.872h-101.12v69.931h343.040c5.419-1.621 9.941-8.021 13.568-19.115 3.627-11.179 5.504-20.267 5.504-27.136v-703.957c0-5.461-1.877-8.747-5.504-9.899-3.627-1.109-8.149-1.707-13.568-1.707zM960.427 824.149h-164.565v-95.787h164.565v95.872zM960.427 690.261h-164.565v-95.36h164.565zM960.427 556.8h-164.565v-94.677h164.565v94.763zM960.427 428.8h-164.565v-100.437h164.565v100.48zM960.427 295.723h-164.565v-99.84h164.565v100.48zM0 116.523v793.643l604.16 104.491v-1005.312l-604.16 107.52zM358.101 716.885c-2.304-6.229-13.141-32.683-32.341-79.488-19.157-46.763-30.72-73.984-34.091-81.749h-1.067l-64.811 154.24-86.613-5.845 102.741-192-94.080-192 88.32-4.651 58.368 150.229h1.152l65.92-157.056 91.264-5.76-108.672 207.787 112 211.968-98.091-5.76z"
        ],
        "attrs": [
          {
            "fill": "rgb(33, 115, 70)"
          }
        ],
        "isMulticolor": false,
        "isMulticolor2": false,
        "tags": [
          "microsoftexcel"
        ],
        "grid": 0
      },
      "attrs": [
        {
          "fill": "rgb(33, 115, 70)"
        }
      ],
      "properties": {
        "id": 506,
        "order": 7,
        "prevSize": 32,
        "name": "microsoftexcel"
      },
      "setIdx": 8,
      "setId": 0,
      "iconIdx": 505
    },
    {
      "icon": {
        "paths": [
          "M190.251 179.541c31.829 25.856 43.776 23.893 103.595 19.883l563.84-33.835c11.947 0 2.005-11.947-1.963-13.909l-93.696-67.712c-17.92-13.909-41.856-29.867-87.68-25.899l-545.92 39.851c-19.883 1.963-23.893 11.947-15.957 19.883zM224.085 310.955v593.237c0 31.872 15.915 43.819 51.797 41.813l619.648-35.84c35.883-1.963 39.893-23.893 39.893-49.792v-589.269c0-25.856-9.941-39.808-31.915-37.845l-647.552 37.845c-23.893 2.005-31.872 13.952-31.872 39.851zM835.797 342.741c3.968 17.92 0 35.84-17.92 37.888l-29.867 5.973v437.931c-25.941 13.952-49.835 21.931-69.76 21.931-31.915 0-39.893-9.984-63.787-39.808l-195.285-306.603v296.619l61.781 13.995c0 0 0 35.84-49.835 35.84l-137.472 7.936c-3.968-7.936 0-27.861 13.952-31.829l35.84-9.941v-392.235l-49.707-4.011c-4.011-17.92 5.973-43.776 33.835-45.781l147.456-9.941 203.264 310.571v-274.773l-51.84-5.931c-3.968-21.931 11.947-37.845 31.872-39.808zM82.603 44.16l567.893-41.813c69.717-5.973 87.68-2.005 131.499 29.867l181.291 127.403c29.867 21.888 39.851 27.861 39.851 51.755v698.795c0 43.776-15.915 69.717-71.68 73.643l-659.541 39.851c-41.813 2.005-61.781-3.968-83.712-31.872l-133.504-173.227c-23.893-31.872-33.835-55.723-33.835-83.627v-621.141c0-35.797 15.957-65.707 61.739-69.632z"
        ],
        "attrs": [],
        "isMulticolor": false,
        "isMulticolor2": false,
        "tags": [
          "notion"
        ],
        "grid": 0
      },
      "attrs": [],
      "properties": {
        "id": 553,
        "order": 4,
        "prevSize": 32,
        "name": "notion"
      },
      "setIdx": 8,
      "setId": 0,
      "iconIdx": 552
    }
  ],
  "height": 1024,
  "preferences": {
    "showGlyphs": true,
    "showCodes": true,
    "showQuickUse": true,
    "showQuickUse2": true,
    "showSVGs": true,
    "fontPref": {
      "prefix": "icon-",
      "metadata": {},
      "metrics": {
        "emSize": 1024,
        "baseline": 6.25,
        "whitespace": 50
      }
    },
    "imagePref": {
      "prefix": "icon-",
      "png": true,
      "useClassSelector": true,
      "color": 0,
      "bgColor": 16777215,
      "name": "icomoon",
      "classSelector": ".icon"
    },
    "historySize": 50
  }
}